Product,Discounts
Amarilla,278544.3829787234
Carretera,392949.7311827957
Montana,228013.86021505378
Paseo,212312.4504950495
VTT,137901.14678899082
Velo,182001.6972477064
