Product,Sales
Amarilla,2643683.5
Carretera,7604490.913978495
Montana,2898381.1720430106
Paseo,2597919.608910891
VTT,1863064.3669724772
Velo,2088824.2018348624
