Product,COGS
Amarilla,161510.98936170212
Carretera,128908.63440860216
Montana,142753.1935483871
Paseo,141500.32673267327
VTT,161576.64220183485
Velo,146275.84403669724
