Product,Profit
Amarilla,279115.07446808513
Carretera,224200.21505376344
Montana,351665.2688172043
Paseo,312333.0198019802
VTT,361695.70642201835
Velo,236003.53211009174
