Discount Band,Units Sold
High,2874.718367346939
Low,2810.35625
Medium,2352.280991735537
None,3069.7169811320755
