Discount Band,Gross Sales
High,197414.42040816328
Low,258798.325
Medium,182805.9173553719
None,296024.1320754717
