Discount Band,Discounts
High,367910.3469387755
Low,147472.325
Medium,198164.06611570247
None,0.0
