Discount Band,Sales
High,2617056.9183673467
Low,5663210.95625
Medium,2553004.0950413225
None,296024.1320754717
