Discount Band,COGS
High,140256.57959183672
Low,179250.375
Medium,137749.78925619836
None,117116.96226415095
