Discount Band,Profit
High,251017.97959183675
Low,455646.2375
Medium,295800.45867768594
None,38609.056603773584
