Month Name,Units Sold
April,11084.057142857142
August,1734.4285714285713
December,1479.104761904762
February,1574.7142857142858
January,7840.742857142857
July,8965.914285714285
June,1475.7428571428572
March,1526.2857142857142
May,1479.1714285714286
November,1730.442857142857
October,1436.4571428571428
September,1541.1571428571428
