Month Name,Gross Sales
April,626994.1428571428
August,180741.6857142857
December,174698.0285714286
February,219977.17142857143
January,290675.1142857143
July,377782.2
June,146699.6
March,174972.17142857143
May,193368.88571428572
November,201646.4
October,165300.8
September,165357.9
