Month Name,Discounts
April,803888.2
August,211038.6857142857
December,110724.66666666667
February,58420.2
January,811616.6571428571
July,700704.4
June,124337.57142857143
March,108579.22857142857
May,181211.14285714287
November,136825.62857142856
October,160508.55714285714
September,123850.72857142857
