Month Name,Sales
April,20145433.285714287
August,1730375.8285714285
December,1586700.761904762
February,877787.5142857142
January,7457012.8
July,7851456.628571428
June,1592234.6
March,1501199.6857142858
May,1672557.7142857143
November,1258538.2142857143
October,1922418.3857142858
September,1460841.3714285714
