Month Name,COGS
April,182255.6
August,144958.74285714285
December,139522.84761904762
February,175685.25714285715
January,169887.62857142856
July,212442.48571428572
June,114930.57142857143
March,140485.51428571428
May,153759.17142857143
November,161161.64285714287
October,130226.07142857143
September,129942.31428571428
