Month Name,Profit
April,1027210.3428571429
August,47846.02857142857
December,120386.42857142857
February,166142.22857142857
January,1078451.5142857144
July,1054962.3142857142
June,142531.77142857143
March,156593.88571428572
May,152845.14285714287
November,208129.77142857143
October,188450.17142857143
September,221729.8
