Year,Units Sold
2013,1512.422857142857
2014,3088.0685714285714
