Year,Gross Sales
2013,163204.49714285714
2014,230746.26476190475
