Year,Discounts
2013,85583.97142857143
2014,279451.64952380955
