Year,Sales
2013,1006716.6514285714
2014,3818349.6266666665
