Year,COGS
2013,128781.66285714286
2014,152473.86476190476
