Year,Profit
2013,194157.41714285716
2014,331533.80190476193
