Country,Units Sold
Canada,3760.8142857142857
France,3648.157142857143
Germany,1801.4285714285713
Mexico,1452.3214285714287
United States of America,2808.0642857142857
