Country,Gross Sales
Canada,221330.57857142857
France,245498.74285714285
Germany,211917.17857142858
Mexico,162335.25
United States of America,228222.36428571428
