Country,Discounts
Canada,252313.25714285715
France,353425.95714285714
Germany,170991.05714285714
Mexico,94176.12857142858
United States of America,284017.25
