Country,COGS
Canada,153864.86428571428
France,148853.90714285715
Germany,141606.8
Mexico,128870.20714285714
United States of America,159558.29285714286
