Country,Profit
Canada,409310.02142857143
France,402709.4357142857
Germany,56527.46428571428
Mexico,196903.5642857143
United States of America,420498.04285714286
