Product,Units Sold
Amarilla,3373.68085106383
Carretera,2903.7311827956987
Montana,2861.7204301075267
Paseo,2373.0445544554455
VTT,2624.256880733945
Velo,2451.3577981651374
