Product,Gross Sales
Amarilla,286039.9893617021
Carretera,262612.4516129032
Montana,210199.16129032258
Paseo,178145.12376237623
VTT,206344.87155963303
Velo,186847.99082568806
